from,to,arrows
cpd:C02218_c,SDS,to
SDS,cpd:C00022_c,to
cpd:C03508_m,AOBUTDsm,to
AOBUTDsm,cpd:C01888_m,to
cpd:C00576_m,BETALDHxm,to
BETALDHxm,cpd:C00719_m,to
cpd:C00155_c,BHMT2,to
cpd:C00719_c,BHMT2,to
BHMT2,cpd:C01026_c,to
BHMT2,cpd:C00073_c,to
cpd:C00114_m,CHDH,to
CHDH,cpd:C00576_m,to
cpd:C01026_m,DMGDH,to
DMGDH,cpd:C00213_m,to
cpd:C00065_c,SHMT1,to
SHMT1,cpd:C00037_c,to
SHMT1,cpd:C00143_c,to
SHMT1_reverse,cpd:C00065_c,to
cpd:C00037_c,SHMT1_reverse,to
cpd:C00143_c,SHMT1_reverse,to
cpd:C00065_c,SHMT1>6,to
SHMT1>6,cpd:C00037_c,to
SHMT1>6,cpd:C00143_c,to
SHMT1>6_reverse,cpd:C00065_c,to
cpd:C00037_c,SHMT1>6_reverse,to
cpd:C00143_c,SHMT1>6_reverse,to
cpd:C00065_m,SHMT2,to
SHMT2,cpd:C00037_m,to
SHMT2,cpd:C00143_m,to
cpd:C00065_m,SHMT1>7,to
SHMT1>7,cpd:C00037_m,to
SHMT1>7,cpd:C00143_m,to
cpd:C00024_m,GCAT,to
cpd:C00037_m,GCAT,to
GCAT,cpd:C03508_m,to
cpd:C00037_x,GLYOp,to
GLYOp,cpd:C00048_x,to
cpd:C00019_c,GNMT,to
cpd:C00037_c,GNMT,to
GNMT,cpd:C00021_c,to
GNMT,cpd:C00213_c,to
cpd:C00109_c,OBDHc,to
OBDHc,cpd:C00100_c,to
cpd:C00197_c,PHGDH,to
PHGDH,cpd:C03232_c,to
cpd:C03232_c,PSAT1,to
PSAT1,cpd:C01005_c,to
cpd:C03232_c,PSAT1>8,to
PSAT1>8,cpd:C01005_c,to
cpd:C01005_c,8781,to
8781,cpd:C00065_c,to
cpd:C01005_c,PSPH,to
PSPH,cpd:C00065_c,to
cpd:C00065_c,SDS>9,to
SDS>9,cpd:C02218_c,to
cpd:C00188_c,SDS>10,to
SDS>10,cpd:C00109_c,to
cpd:C00188_c,SDSL,to
SDSL,cpd:C00109_c,to
cpd:C00576_c,ALDH7A1,to
ALDH7A1,cpd:C00719_c,to
ALDH7A1_reverse,cpd:C00576_c,to
cpd:C00719_c,ALDH7A1_reverse,to
cpd:C00576_c,ALDH7A1>11,to
ALDH7A1>11,cpd:C00719_c,to
ALDH7A1>11_reverse,cpd:C00576_c,to
cpd:C00719_c,ALDH7A1>11_reverse,to
cpd:C00956_c,transporter>1,to
transporter>1,cpd:C00956_m,to
transporter>1,cpd:C00956_c,to
cpd:C00956_m,transporter>1,to
cpd:C00322_m,OGDH_DLD_PDHX_DLST,to
OGDH_DLD_PDHX_DLST,cpd:C00527_m,to
cpd:C00322_m,OGDH_DLD_PDH_DLST>12,to
OGDH_DLD_PDH_DLST>12,cpd:C00527_m,to
cpd:C04076_m,AASAD3m,to
AASAD3m,cpd:C00956_m,to
cpd:C00322_c,AADAT,to
AADAT,cpd:C00956_c,to
cpd:C00322_c,AADAT>13,to
AADAT>13,cpd:C00956_c,to
cpd:C00047_m,AASS,to
AASS,cpd:C00449_m,to
cpd:C00449_m,AASS>14,to
AASS>14,cpd:C04076_m,to
cpd:C00956_m,AADAT>15,to
AADAT>15,cpd:C00322_m,to
cpd:C00672_c,2DR1PP,to
2DR1PP,cpd:C01801_c,to
3aib__D_m,ABAT,to
ABAT,cpd:C00349_m,to
ABAT_reverse,3aib__D_m,to
cpd:C00349_m,ABAT_reverse,to
cpd:C00288_e,transporter>9,to
transporter>9,cpd:C00288_c,to
transporter>9,cpd:C00288_e,to
cpd:C00288_c,transporter>9,to
cpd:C01205_c,transporter>13,to
transporter>13,cpd:C01205_e,to
cpd:C00440_e,transporter>15,to
transporter>15,cpd:C00440_c,to
transporter>15,cpd:C00440_e,to
cpd:C00440_c,transporter>15,to
cpd:C00334_e,transporter>19,to
transporter>19,cpd:C00334_c,to
transporter>19,cpd:C00334_e,to
cpd:C00334_c,transporter>19,to
cpd:C00164_e,transporter>23,to
transporter>23,cpd:C00164_c,to
transporter>23,cpd:C00164_e,to
cpd:C00164_c,transporter>23,to
cpd:C00207_c,transporter>27,to
transporter>27,cpd:C00207_e,to
transporter>27,cpd:C00207_c,to
cpd:C00207_e,transporter>27,to
cpd:C00033_e,transporter>31,to
transporter>31,cpd:C00033_c,to
transporter>31,cpd:C00033_e,to
cpd:C00033_c,transporter>31,to
cpd:C00041_e,transporter>37,to
cpd:C00152_c,transporter>38,to
transporter>37,cpd:C00041_c,to
transporter>38,cpd:C00152_e,to
transporter>37,cpd:C00041_e,to
transporter>38,cpd:C00152_c,to
cpd:C00041_c,transporter>37,to
cpd:C00152_e,transporter>38,to
cpd:C00097_c,transporter>45,to
transporter>45,cpd:C00097_e,to
transporter>45,cpd:C00097_c,to
cpd:C00097_e,transporter>45,to
cpd:C00065_c,transporter>53,to
transporter>53,cpd:C00065_e,to
transporter>53,cpd:C00065_c,to
cpd:C00065_e,transporter>53,to
cpd:C00188_c,transporter>57,to
transporter>57,cpd:C00188_e,to
transporter>57,cpd:C00188_c,to
cpd:C00188_e,transporter>57,to
cpd:C00047_c,transporter>61,to
cpd:C00062_e,transporter>62,to
transporter>61,cpd:C00047_e,to
transporter>62,cpd:C00062_c,to
transporter>61,cpd:C00047_c,to
transporter>62,cpd:C00062_e,to
cpd:C00047_e,transporter>61,to
cpd:C00062_c,transporter>62,to
cpd:C00114_e,transporter>69,to
transporter>69,cpd:C00114_c,to
transporter>69,cpd:C00114_e,to
cpd:C00114_c,transporter>69,to
cpd:C00791_e,transporter>79,to
transporter>79,cpd:C00791_c,to
transporter>79,cpd:C00791_e,to
cpd:C00791_c,transporter>79,to
cpd:C00037_e,transporter>83,to
transporter>83,cpd:C00037_c,to
transporter>83,cpd:C00037_e,to
cpd:C00037_c,transporter>83,to
3aib__D_c,transporter>87,to
transporter>87,3aib__D_e,to
cpd:C00031_r,transporter>89,to
transporter>89,cpd:C00031_e,to
cpd:C00031_e,transporter>89,to
transporter>89,cpd:C00031_c,to
cpd:C00031_c,transporter>89,to
cpd:C00719_c,transporter>94,to
transporter>94,cpd:C00719_e,to
transporter>94,cpd:C00719_c,to
cpd:C00719_e,transporter>94,to
cpd:C00407_e,transporter>106,to
transporter>106,cpd:C00407_c,to
transporter>106,cpd:C00407_e,to
cpd:C00407_c,transporter>106,to
cpd:C00123_e,transporter>110,to
transporter>110,cpd:C00123_c,to
transporter>110,cpd:C00123_e,to
cpd:C00123_c,transporter>110,to
cpd:C00186_e,transporter>114,to
transporter>114,cpd:C00186_c,to
transporter>114,cpd:C00186_e,to
cpd:C00186_c,transporter>114,to
cpd:C00073_e,transporter>118,to
transporter>118,cpd:C00073_c,to
transporter>118,cpd:C00073_e,to
cpd:C00073_c,transporter>118,to
cpd:C00546_c,transporter>122,to
transporter>122,cpd:C00546_e,to
cpd:C00077_e,transporter>128,to
transporter>128,cpd:C00077_c,to
transporter>128,cpd:C00077_e,to
cpd:C00077_c,transporter>128,to
cpd:C00148_e,transporter>136,to
transporter>136,cpd:C00148_c,to
transporter>136,cpd:C00148_e,to
cpd:C00148_c,transporter>136,to
cpd:C00022_e,transporter>140,to
transporter>140,cpd:C00022_c,to
transporter>140,cpd:C00022_e,to
cpd:C00022_c,transporter>140,to
cpd:C00078_e,transporter>152,to
transporter>152,cpd:C00078_c,to
transporter>152,cpd:C00078_e,to
cpd:C00078_c,transporter>152,to
cpd:C00082_e,transporter>156,to
transporter>156,cpd:C00082_c,to
transporter>156,cpd:C00082_e,to
cpd:C00082_c,transporter>156,to
cpd:C00183_e,transporter>160,to
transporter>160,cpd:C00183_c,to
transporter>160,cpd:C00183_e,to
cpd:C00183_c,transporter>160,to
cpd:C00327_c,transporter>164,to
transporter>164,cpd:C00327_e,to
transporter>164,cpd:C00327_c,to
cpd:C00327_e,transporter>164,to
cpd:C00315_c,transporter>176,to
transporter>176,cpd:C00315_e,to
transporter>176,cpd:C00315_c,to
cpd:C00315_e,transporter>176,to
cpd:C02470_c,transporter>180,to
transporter>180,cpd:C02470_e,to
cpd:C00158_e,transporter>184,to
transporter>184,cpd:C00158_c,to
transporter>184,cpd:C00158_e,to
cpd:C00158_c,transporter>184,to
cpd:C00049_e,transporter>188,to
transporter>188,cpd:C00049_c,to
transporter>188,cpd:C00049_e,to
cpd:C00049_c,transporter>188,to
cpd:C00134_c,transporter>196,to
transporter>196,cpd:C00134_e,to
cpd:C00750_c,transporter>198,to
transporter>198,cpd:C00750_e,to
transporter>198,cpd:C00750_c,to
cpd:C00750_e,transporter>198,to
cpd:C01179_c,transporter>202,to
transporter>202,cpd:C01179_e,to
cpd:C00141_c,transporter>204,to
transporter>204,cpd:C00141_e,to
cpd:C00671_c,transporter>206,to
transporter>206,cpd:C00671_e,to
cpd:C00233_c,transporter>208,to
transporter>208,cpd:C00233_e,to
cpd:C00170_c,transporter>210,to
transporter>210,cpd:C00170_e,to
cpd:C00021_c,transporter>212,to
transporter>212,cpd:C00021_e,to
cpd:C00322_c,transporter>214,to
transporter>214,cpd:C00322_m,to
transporter>214,cpd:C00322_c,to
cpd:C00322_m,transporter>214,to
cpd:C03227_c,AADAT>758,to
AADAT>758,42A3HP24DB_c,to
cpd:C03227_c,AL441992.2,to
AL441992.2,42A3HP24DB_c,to
cpd:C03227_c,AADAT>759,to
AADAT>759,42A3HP24DB_c,to
cpd:C00332_c,ACAT2,to
ACAT2,cpd:C00024_c,to
cpd:C02220_c,AMCOXO,to
AMCOXO,cpd:C00322_c,to
cpd:C00877_m,AUH,to
AUH,cpd:C01144_m,to
cpd:C00877_m,HADHA_HADHB,to
HADHA_HADHB,cpd:C01144_m,to
cpd:C00877_m,ECHS1,to
ECHS1,cpd:C01144_m,to
cpd:C02700_c,AFMID,to
AFMID,cpd:C00328_c,to
cpd:C00527_m,GCDH,to
GCDH,cpd:C00877_m,to
cpd:C00527_m,GCDH>760,to
GCDH>760,cpd:C00877_m,to
cpd:C01144_m,HSD17B10,to
HSD17B10,cpd:C00332_m,to
cpd:C01144_m,HADH,to
HADH,cpd:C00332_m,to
cpd:C01144_m,HADH_HADHB>761,to
HADH_HADHB>761,cpd:C00332_m,to
cpd:C03227_c,KYNU,to
KYNU,cpd:C00632_c,to
KYNU,cpd:C00041_c,to
cpd:C00328_c,KMO,to
KMO,cpd:C03227_c,to
cpd:C00328_c,AADAT>762,to
AADAT>762,4aphdob_c,to
cpd:C00328_c,AL441992.2>763,to
AL441992.2>763,4aphdob_c,to
cpd:C00328_c,AADAT>764,to
AADAT>764,4aphdob_c,to
4aphdob_c,KYNATESYN,to
KYNATESYN,kynate_c,to
cpd:C00078_c,TDO2,to
TDO2,cpd:C02700_c,to
cpd:C00527_m,GCDH>765,to
GCDH>765,cpd:C00877_m,to
GCDH>765,q10h2_m,to
GCDH>765_reverse,cpd:C00527_m,to
cpd:C00877_m,GCDH>765_reverse,to
q10h2_m,GCDH>765_reverse,to
cpd:C03824_c,r0645,to
r0645,cpd:C02220_c,to
42A3HP24DB_c,r0647,to
r0647,cpd:C02470_c,to
kynate_c,AL441992.2>766,to
AL441992.2>766,cpd:C00328_c,to
cpd:C03227_c,AL441992.2>767,to
AL441992.2>767,cpd:C02470_c,to
AL441992.2>767_reverse,cpd:C03227_c,to
cpd:C02470_c,AL441992.2>767_reverse,to
cpd:C01061_c,FAH,to
FAH,cpd:C00164_c,to
FAH,cpd:C00122_c,to
cpd:C00544_c,HGD,to
HGD,cpd:C01036_c,to
cpd:C01036_c,GSTZ1,to
GSTZ1,cpd:C01061_c,to
cpd:C01036_c,GSTZ1>769,to
GSTZ1>769,cpd:C01061_c,to
cpd:C01036_c,GSTZ1>770,to
GSTZ1>770,cpd:C01061_c,to
cpd:C00082_c,GOT1,to
GOT1,cpd:C01179_c,to
cpd:C00349_m,ABAT>771,to
ABAT>771,cpd:C01205_m,to
cpd:C00349_m,ABAT>772,to
ABAT>772,cpd:C01205_m,to
cpd:C06000_m,3HBCOAHLm,to
3HBCOAHLm,cpd:C01188_m,to
cpd:C03344_m,ACAT1,to
ACAT1,cpd:C00024_m,to
ACAT1,cpd:C00100_m,to
cpd:C03344_m,HADHB,to
HADHB,cpd:C00024_m,to
HADHB,cpd:C00100_m,to
cpd:C03344_m,ACAA2,to
ACAA2,cpd:C00024_m,to
ACAA2,cpd:C00100_m,to
cpd:C01033_m,ACADSB,to
ACADSB,cpd:C03345_m,to
cpd:C01033_m,ACADM,to
ACADM,cpd:C03345_m,to
cpd:C02939_m,IVD,to
IVD,cpd:C03069_m,to
cpd:C00630_m,ACADM>773,to
ACADM>773,cpd:C03460_m,to
cpd:C00630_m,ACAD8,to
ACAD8,cpd:C03460_m,to
cpd:C03460_m,ECHS1>774,to
ECHS1>774,cpd:C06000_m,to
cpd:C03460_m,HADH_HADHB>775,to
HADH_HADHB>775,cpd:C06000_m,to
cpd:C03345_m,ECHS1>776,to
ECHS1>776,cpd:C04405_m,to
cpd:C03345_m,HADH_HADHB>777,to
HADH_HADHB>777,cpd:C04405_m,to
cpd:C04405_m,HSD17B10>778,to
HSD17B10>778,cpd:C03344_m,to
cpd:C04405_m,EHHADH,to
EHHADH,cpd:C03344_m,to
cpd:C04405_m,HADH>779,to
HADH>779,cpd:C03344_m,to
cpd:C01188_m,HIBADH,to
HIBADH,cpd:C00349_m,to
cpd:C00407_c,BCAT1,to
BCAT1,cpd:C00671_c,to
cpd:C00407_m,BCAT2,to
BCAT2,cpd:C00671_m,to
BCAT2_reverse,cpd:C00407_m,to
cpd:C00671_m,BCAT2_reverse,to
cpd:C00123_c,BCAT1>780,to
BCAT1>780,cpd:C00233_c,to
cpd:C00123_m,BCAT2>781,to
BCAT2>781,cpd:C00233_m,to
BCAT2>781_reverse,cpd:C00123_m,to
cpd:C00233_m,BCAT2>781_reverse,to
cpd:C00288_m,MCCC1_MCCC2,to
cpd:C03069_m,MCCC1_MCCC2,to
MCCC1_MCCC2,cpd:C03231_m,to
cpd:C03231_m,AUH>782,to
AUH>782,hmgcoa_m,to
cpd:C00683_m,MCEE,to
MCEE,cpd:C01213_m,to
cpd:C01213_m,MMUT,to
MMUT,cpd:C00091_m,to
cpd:C00349_m,MMTSADm,to
MMTSADm,cpd:C01213_m,to
cpd:C00141_m,DBT_BCKDHB_BCKDH_DLD>783,to
DBT_BCKDHB_BCKDH_DLD>783,cpd:C00630_m,to
cpd:C00141_m,DBT_DLD_BCKDH_BCKDHA>784,to
DBT_DLD_BCKDH_BCKDHA>784,cpd:C00630_m,to
cpd:C00671_m,DBT_BCKDHB_BCKDH_DLD>785,to
DBT_BCKDHB_BCKDH_DLD>785,cpd:C01033_m,to
cpd:C00671_m,DBT_DLD_BCKDH_BCKDHA>786,to
DBT_DLD_BCKDH_BCKDHA>786,cpd:C01033_m,to
cpd:C00100_m,PCCB_PCCA,to
cpd:C00288_m,PCCB_PCCA,to
PCCB_PCCA,cpd:C00683_m,to
cpd:C00183_c,BCAT1>787,to
BCAT1>787,cpd:C00141_c,to
cpd:C00183_m,BCAT2>788,to
BCAT2>788,cpd:C00141_m,to
BCAT2>788_reverse,cpd:C00183_m,to
cpd:C00141_m,BCAT2>788_reverse,to
cpd:C01205_m,transporter>13,to
transporter>13,cpd:C01205_c,to
transporter>204,cpd:C00141_m,to
transporter>206,cpd:C00671_m,to
cpd:C00606_c,transporter>222,to
cpd:C00049_m,transporter>188,to
transporter>222,cpd:C00606_m,to
transporter>222,cpd:C00606_c,to
transporter>188,cpd:C00049_m,to
cpd:C00606_m,transporter>222,to
transporter>19,cpd:C00334_m,to
cpd:C00334_m,transporter>19,to
transporter>208,cpd:C00233_m,to
cpd:C01888_m,transporter>231,to
transporter>231,cpd:C01888_c,to
transporter>23,cpd:C00164_m,to
cpd:C00164_m,transporter>23,to
cpd:C00207_m,transporter>27,to
transporter>27,cpd:C00207_m,to
transporter>31,cpd:C00033_m,to
cpd:C00033_m,transporter>31,to
cpd:C00149_c,transporter>239,to
transporter>239,cpd:C00149_m,to
transporter>239,cpd:C00149_c,to
cpd:C00149_m,transporter>239,to
cpd:C00019_c,transporter>243,to
cpd:C00021_m,transporter>212,to
transporter>243,cpd:C00019_m,to
transporter>212,cpd:C00021_c,to
transporter>243,cpd:C00019_c,to
transporter>212,cpd:C00021_m,to
cpd:C00019_m,transporter>243,to
transporter>62,cpd:C00062_m,to
cpd:C00062_m,transporter>62,to
transporter>69,cpd:C00114_m,to
cpd:C00327_m,transporter>164,to
transporter>164,cpd:C00327_m,to
transporter>184,cpd:C00158_m,to
cpd:C00158_m,transporter>184,to
cpd:C00074_m,transporter>263,to
transporter>263,cpd:C00074_c,to
transporter>263,cpd:C00074_m,to
cpd:C00074_c,transporter>263,to
cpd:C01026_c,transporter>267,to
transporter>267,cpd:C01026_m,to
cpd:C00122_c,transporter>270,to
transporter>270,cpd:C00122_m,to
transporter>270,cpd:C00122_c,to
cpd:C00122_m,transporter>270,to
cpd:C00048_c,transporter>284,to
transporter>284,cpd:C00048_m,to
cpd:C00719_m,transporter>94,to
cpd:C00093_c,transporter>287,to
transporter>287,cpd:C00093_m,to
transporter>83,cpd:C00037_m,to
cpd:C00037_m,transporter>83,to
hmgcoa_m,transporter>291,to
transporter>291,hmgcoa_c,to
transporter>106,cpd:C00407_m,to
cpd:C00407_m,transporter>106,to
transporter>110,cpd:C00123_m,to
cpd:C00123_m,transporter>110,to
transporter>61,cpd:C00047_m,to
cpd:C00047_m,transporter>61,to
cpd:C00077_m,transporter>128,to
transporter>128,cpd:C00077_m,to
transporter>140,cpd:C00022_m,to
cpd:C00022_m,transporter>140,to
cpd:C00213_c,transporter>307,to
transporter>307,cpd:C00213_m,to
cpd:C00042_c,transporter>309,to
transporter>309,cpd:C00042_m,to
transporter>309,cpd:C00042_c,to
cpd:C00042_m,transporter>309,to
transporter>160,cpd:C00183_m,to
cpd:C00183_m,transporter>160,to
transporter>136,cpd:C00148_m,to
cpd:C00148_m,transporter>136,to
cpd:C00311_m,transporter>317,to
transporter>317,cpd:C00311_c,to
transporter>317,cpd:C00311_m,to
cpd:C00311_c,transporter>317,to
transporter>9,cpd:C00288_m,to
cpd:C00100_c,transporter>322,to
transporter>322,cpd:C00100_m,to
transporter>37,cpd:C00041_m,to
transporter>53,cpd:C00065_m,to
transporter>287,cpd:C00093_c,to
cpd:C00093_m,transporter>287,to
3aib__D_m,transporter>87,to
transporter>87,3aib__D_c,to
cpd:C00111_m,transporter>332,to
transporter>332,cpd:C00111_c,to
cpd:C01165_m,transporter>334,to
transporter>334,cpd:C01165_c,to
cpd:C00606_c,GOT1>885,to
GOT1>885,3snpyr_c,to
cpd:C00606_m,GOT2,to
GOT2,3snpyr_m,to
3snpyr_c,3SPYRSP,to
3SPYRSP,cpd:C00022_c,to
3SPYRSP,cpd:C00094_c,to
3snpyr_m,3SPYRSPm,to
3SPYRSPm,cpd:C00022_m,to
3SPYRSPm,cpd:C00094_m,to
cpd:C00021_c,AHCY,to
AHCY,cpd:C00212_c,to
AHCY,cpd:C00155_c,to
cpd:C00021_c,AHCYL1,to
AHCYL1,cpd:C00212_c,to
AHCYL1,cpd:C00155_c,to
cpd:C00021_c,AHCYL1>886,to
AHCYL1>886,cpd:C00212_c,to
AHCYL1>886,cpd:C00155_c,to
cpd:C02291_c,CTH,to
CTH,cpd:C00109_c,to
CTH,cpd:C00097_c,to
cpd:C02291_c,CTH>887,to
CTH>887,cpd:C00109_c,to
CTH>887,cpd:C00097_c,to
cpd:C00155_c,CBS,to
cpd:C00065_c,CBS,to
CBS,cpd:C02291_c,to
cpd:C00073_c,MAT2B_MAT2A,to
MAT2B_MAT2A,cpd:C00019_c,to
cpd:C00073_c,MAT2_MAT2A>888,to
MAT2_MAT2A>888,cpd:C00019_c,to
cpd:C00440_c,MTR,to
cpd:C00155_c,MTR,to
MTR,cpd:C00073_c,to
cpd:C00164_c,AACS,to
AACS,cpd:C00332_c,to
cpd:C00164_m,ADCim,to
ADCim,cpd:C00207_m,to
cpd:C00334_m,ABAT>890,to
ABAT>890,cpd:C00232_m,to
ABAT>890_reverse,cpd:C00334_m,to
cpd:C00232_m,ABAT>890_reverse,to
cpd:C00334_m,ABAT>891,to
ABAT>891,cpd:C00232_m,to
ABAT>891_reverse,cpd:C00334_m,to
cpd:C00232_m,ABAT>891_reverse,to
cpd:C00041_c,GPT2,to
GPT2,cpd:C00022_c,to
GPT2_reverse,cpd:C00041_c,to
cpd:C00022_c,GPT2_reverse,to
GAD1,cpd:C00334_c,to
GAD1>893,cpd:C00334_c,to
cpd:C03912_m,ALDH4A1,to
cpd:C03912_m,ALDH4A1>898,to
cpd:C00232_m,ALDH5A1,to
ALDH5A1,cpd:C00042_m,to
ALDH5A1_reverse,cpd:C00232_m,to
cpd:C00042_m,ALDH5A1_reverse,to
cpd:C00232_m,r0179,to
r0179,cpd:C00042_m,to
cpd:C00334_m,ALDH3A2,to
ALDH3A2,cpd:C00555_m,to
cpd:C00334_m,ALDH2,to
ALDH2,cpd:C00555_m,to
cpd:C00334_m,ALDH1B1,to
ALDH1B1,cpd:C00555_m,to
cpd:C00334_m,ALDH9A1,to
ALDH9A1,cpd:C00555_m,to
cpd:C00334_m,ALDH7A1>899,to
ALDH7A1>899,cpd:C00555_m,to
cpd:C00555_m,ALDH3A2>900,to
ALDH3A2>900,cpd:C00334_m,to
cpd:C00555_m,ALDH2>901,to
ALDH2>901,cpd:C00334_m,to
cpd:C00555_m,ALDH1B1>902,to
ALDH1B1>902,cpd:C00334_m,to
cpd:C00555_m,ALDH9A1>903,to
ALDH9A1>903,cpd:C00334_m,to
cpd:C00555_m,ALDH7A1>904,to
ALDH7A1>904,cpd:C00334_m,to
cpd:C00555_c,ALDH9A1>905,to
ALDH9A1>905,cpd:C00334_c,to
cpd:C00315_c,SPMDOX,to
SPMDOX,13dampp_c,to
SPMDOX,cpd:C00555_c,to
cpd:C00158_c,ACLY,to
ACLY,cpd:C00024_c,to
ACLY,cpd:C00036_c,to
cpd:C00158_c,ACLY>906,to
ACLY>906,cpd:C00024_c,to
ACLY>906,cpd:C00036_c,to
cpd:C00158_c,IREB2,to
IREB2,cpd:C00311_c,to
IREB2_reverse,cpd:C00158_c,to
cpd:C00311_c,IREB2_reverse,to
cpd:C00158_c,ACO1,to
ACO1,cpd:C00311_c,to
ACO1_reverse,cpd:C00158_c,to
cpd:C00311_c,ACO1_reverse,to
cpd:C00158_m,ACO2,to
ACO2,cpd:C00311_m,to
ACO2_reverse,cpd:C00158_m,to
cpd:C00311_m,ACO2_reverse,to
cpd:C00158_m,ACO1>907,to
ACO1>907,cpd:C00311_m,to
ACO1>907_reverse,cpd:C00158_m,to
cpd:C00311_m,ACO1>907_reverse,to
OGDH_DLD_PDH_DLST>908,cpd:C00091_m,to
OGDH_DLD_PDH_DLST>909,cpd:C00091_m,to
cpd:C00158_c,CLYBL,to
CLYBL,cpd:C00033_c,to
CLYBL,cpd:C00036_c,to
cpd:C00158_c,CLYBL>910,to
CLYBL>910,cpd:C00033_c,to
CLYBL>910,cpd:C00036_c,to
cpd:C00024_m,CS,to
cpd:C00036_m,CS,to
CS,cpd:C00158_m,to
cpd:C00024_m,CS>911,to
cpd:C00036_m,CS>911,to
CS>911,cpd:C00158_m,to
cpd:C00122_c,FH,to
FH,cpd:C00149_c,to
FH_reverse,cpd:C00122_c,to
cpd:C00149_c,FH_reverse,to
cpd:C00122_m,FH>912,to
FH>912,cpd:C00149_m,to
FH>912_reverse,cpd:C00122_m,to
cpd:C00149_m,FH>912_reverse,to
cpd:C00311_m,IDH3G_IDH3B_IDH3A,to
cpd:C00311_m,IDH3B_IDH3G_IDH3A,to
cpd:C00311_m,IDH3B_IDH3_IDH3A>913,to
cpd:C00311_m,IDH3B_IDH3_IDH3A>914,to
cpd:C00311_m,IDH3G_IDH3A_IDH3B,to
cpd:C00311_m,IDH3G_IDH3_IDH3B>915,to
cpd:C00311_c,IDH1,to
cpd:C00311_m,IDH2,to
IDH2_reverse,cpd:C00311_m,to
cpd:C00149_c,MDH1B,to
MDH1B,cpd:C00036_c,to
MDH1B_reverse,cpd:C00149_c,to
cpd:C00036_c,MDH1B_reverse,to
cpd:C00149_c,MDH1,to
MDH1,cpd:C00036_c,to
MDH1_reverse,cpd:C00149_c,to
cpd:C00036_c,MDH1_reverse,to
cpd:C00149_m,MDH2,to
MDH2,cpd:C00036_m,to
MDH2_reverse,cpd:C00149_m,to
cpd:C00036_m,MDH2_reverse,to
cpd:C00149_m,MDH1>916,to
MDH1>916,cpd:C00036_m,to
MDH1>916_reverse,cpd:C00149_m,to
cpd:C00036_m,MDH1>916_reverse,to
cpd:C00042_m,SDHA_SDHD_SDHC_SDHB,to
SDHA_SDHD_SDHC_SDHB,cpd:C00122_m,to
SDHA_SDHD_SDHC_SDHB_reverse,cpd:C00042_m,to
cpd:C00122_m,SDHA_SDHD_SDHC_SDHB_reverse,to
cpd:C00042_m,SUCLG1_SUCLG2,to
SUCLG1_SUCLG2,cpd:C00091_m,to
SUCLG1_SUCLG2_reverse,cpd:C00042_m,to
cpd:C00091_m,SUCLG1_SUCLG2_reverse,to
cpd:C00042_m,SUCLG1_SUCLA2,to
SUCLG1_SUCLA2,cpd:C00091_m,to
SUCLG1_SUCLA2_reverse,cpd:C00042_m,to
cpd:C00091_m,SUCLG1_SUCLA2_reverse,to
cpd:C00041_m,GPT2>917,to
GPT2>917,cpd:C00022_m,to
GPT2>917_reverse,cpd:C00041_m,to
cpd:C00022_m,GPT2>917_reverse,to
cpd:C00042_m,SDHA_SDHB_SDHC_SDHD,to
SDHA_SDHB_SDHC_SDHD,q10h2_m,to
SDHA_SDHB_SDHC_SDHD,cpd:C00122_m,to
cpd:C02917_c,ADH5,to
ADH5,cpd:C00424_c,to
cpd:C02917_c,ZADH2,to
ZADH2,cpd:C00424_c,to
cpd:C02917_c,ZADH2>920,to
ZADH2>920,cpd:C00424_c,to
cpd:C00424_c,ZADH2>926,to
ZADH2>926,cpd:C00546_c,to
cpd:C00424_c,ADH5>928,to
ADH5>928,cpd:C00546_c,to
cpd:C00424_c,ZADH2>931,to
ZADH2>931,cpd:C00546_c,to
cpd:C05235_c,AKR1A1,to
AKR1A1,cpd:C02917_c,to
cpd:C05235_c,AKR7A2,to
AKR7A2,cpd:C02917_c,to
cpd:C05235_c,AKR1A1>934,to
AKR1A1>934,cpd:C02917_c,to
cpd:C05235_c,AKR1B1,to
AKR1B1,cpd:C02917_c,to
cpd:C00424_c,ALDH9A1>935,to
ALDH9A1>935,cpd:C00186_c,to
cpd:C00424_c,ALDH3A2>936,to
ALDH3A2>936,cpd:C00186_c,to
cpd:C00424_c,ALDH3B1,to
ALDH3B1,cpd:C00186_c,to
cpd:C00424_c,ALDH1A1,to
ALDH1A1,cpd:C00186_c,to
cpd:C00424_c,ALDH7A1>939,to
ALDH7A1>939,cpd:C00186_c,to
cpd:C00424_c,ALDH1A3,to
ALDH1A3,cpd:C00186_c,to
cpd:C00149_m,ME2,to
ME2,cpd:C00022_m,to
cpd:C00149_c,ME1,to
ME1,cpd:C00022_c,to
cpd:C00149_m,ME2>940,to
ME2>940,cpd:C00022_m,to
cpd:C00149_m,ME3,to
ME3,cpd:C00022_m,to
cpd:C00111_c,MGSA,to
MGSA,cpd:C00546_c,to
cpd:C00118_c,MGSA2,to
MGSA2,cpd:C00546_c,to
cpd:C00022_m,PC,to
cpd:C00288_m,PC,to
PC,cpd:C00036_m,to
cpd:C00022_m,PC>941,to
cpd:C00288_m,PC>941,to
PC>941,cpd:C00036_m,to
cpd:C00546_c,r0055,to
r0055,cpd:C00022_c,to
r0055_reverse,cpd:C00546_c,to
cpd:C00022_c,r0055_reverse,to
cpd:C00033_c,AACS>943,to
AACS>943,cpd:C00024_c,to
cpd:C00033_c,ACSS2,to
ACSS2,cpd:C00024_c,to
cpd:C00033_c,ACSS2>944,to
ACSS2>944,cpd:C00024_c,to
cpd:C00033_m,ACSS1,to
ACSS1,cpd:C00024_m,to
cpd:C00236_c,RWDD2A,to
RWDD2A,cpd:C00197_c,to
cpd:C00236_c,ACYP2,to
ACYP2,cpd:C00197_c,to
cpd:C00236_c,ACYP1,to
ACYP1,cpd:C00197_c,to
cpd:C00236_c,ACYP1>945,to
ACYP1>945,cpd:C00197_c,to
23dpg_c,BPGM,to
BPGM,cpd:C00197_c,to
23dpg_c,PGAM1,to
PGAM1,cpd:C00197_c,to
23dpg_c,PGAM2,to
PGAM2,cpd:C00197_c,to
23dpg_c,PGAM2>946,to
PGAM2>946,cpd:C00197_c,to
23dpg_c,BPGM>947,to
BPGM>947,cpd:C00197_c,to
cpd:C00236_c,BPGM>948,to
BPGM>948,23dpg_c,to
cpd:C00236_c,PGAM1>949,to
PGAM1>949,23dpg_c,to
cpd:C00236_c,PGAM2>950,to
PGAM2>950,23dpg_c,to
cpd:C00236_c,PGAM2>951,to
PGAM2>951,23dpg_c,to
cpd:C00236_c,BPGM>952,to
BPGM>952,23dpg_c,to
cpd:C00631_c,ENO1,to
ENO1,cpd:C00074_c,to
ENO1_reverse,cpd:C00631_c,to
cpd:C00074_c,ENO1_reverse,to
cpd:C00631_c,ENO3,to
ENO3,cpd:C00074_c,to
ENO3_reverse,cpd:C00631_c,to
cpd:C00074_c,ENO3_reverse,to
cpd:C00631_c,ENO3>953,to
ENO3>953,cpd:C00074_c,to
ENO3>953_reverse,cpd:C00631_c,to
cpd:C00074_c,ENO3>953_reverse,to
cpd:C00631_c,ENO2,to
ENO2,cpd:C00074_c,to
ENO2_reverse,cpd:C00631_c,to
cpd:C00074_c,ENO2_reverse,to
cpd:C00354_c,ALDOA,to
ALDOA,cpd:C00111_c,to
ALDOA,cpd:C00118_c,to
ALDOA_reverse,cpd:C00354_c,to
cpd:C00111_c,ALDOA_reverse,to
cpd:C00118_c,ALDOA_reverse,to
cpd:C00354_c,ALDOA>954,to
ALDOA>954,cpd:C00111_c,to
ALDOA>954,cpd:C00118_c,to
ALDOA>954_reverse,cpd:C00354_c,to
cpd:C00111_c,ALDOA>954_reverse,to
cpd:C00118_c,ALDOA>954_reverse,to
cpd:C00354_c,ALDOA>955,to
ALDOA>955,cpd:C00111_c,to
ALDOA>955,cpd:C00118_c,to
ALDOA>955_reverse,cpd:C00354_c,to
cpd:C00111_c,ALDOA>955_reverse,to
cpd:C00118_c,ALDOA>955_reverse,to
cpd:C00354_c,ALDOC,to
ALDOC,cpd:C00111_c,to
ALDOC,cpd:C00118_c,to
ALDOC_reverse,cpd:C00354_c,to
cpd:C00111_c,ALDOC_reverse,to
cpd:C00118_c,ALDOC_reverse,to
cpd:C00093_c,GPD2,to
GPD2,cpd:C00111_c,to
cpd:C00092_r,G6PC3,to
G6PC3,cpd:C00031_r,to
cpd:C00118_c,GAPDH,to
GAPDH,cpd:C00236_c,to
GAPDH_reverse,cpd:C00118_c,to
cpd:C00236_c,GAPDH_reverse,to
cpd:C00118_c,GAPDHS,to
GAPDHS,cpd:C00236_c,to
GAPDHS_reverse,cpd:C00118_c,to
cpd:C00236_c,GAPDHS_reverse,to
cpd:C00031_c,HK1,to
HK1,cpd:C00092_c,to
cpd:C00031_c,HKDC1,to
HKDC1,cpd:C00092_c,to
cpd:C00031_c,HK1>956,to
HK1>956,cpd:C00092_c,to
cpd:C00031_c,HK2,to
HK2,cpd:C00092_c,to
cpd:C00031_c,HK1>958,to
HK1>958,cpd:C00092_c,to
cpd:C00031_c,HK1>960,to
HK1>960,cpd:C00092_c,to
cpd:C00031_c,HK1>961,to
HK1>961,cpd:C00092_c,to
cpd:C00186_c,LDHB_LDHA,to
LDHB_LDHA,cpd:C00022_c,to
LDHB_LDHA_reverse,cpd:C00186_c,to
cpd:C00022_c,LDHB_LDHA_reverse,to
cpd:C00186_c,LDHC,to
LDHC,cpd:C00022_c,to
LDHC_reverse,cpd:C00186_c,to
cpd:C00022_c,LDHC_reverse,to
cpd:C00186_c,LDHA,to
LDHA,cpd:C00022_c,to
LDHA_reverse,cpd:C00186_c,to
cpd:C00022_c,LDHA_reverse,to
cpd:C00186_c,LDHC>962,to
LDHC>962,cpd:C00022_c,to
LDHC>962_reverse,cpd:C00186_c,to
cpd:C00022_c,LDHC>962_reverse,to
cpd:C00186_c,UEVLD,to
UEVLD,cpd:C00022_c,to
UEVLD_reverse,cpd:C00186_c,to
cpd:C00022_c,UEVLD_reverse,to
cpd:C00186_c,LDHB,to
LDHB,cpd:C00022_c,to
LDHB_reverse,cpd:C00186_c,to
cpd:C00022_c,LDHB_reverse,to
cpd:C00022_m,DLD_PDHX_PDHA1_PDHB_DLAT,to
DLD_PDHX_PDHA1_PDHB_DLAT,cpd:C00024_m,to
cpd:C00036_m,PCK2,to
PCK2,cpd:C00074_m,to
cpd:C05345_c,PFKP,to
PFKP,cpd:C00354_c,to
cpd:C05345_c,PFKL,to
PFKL,cpd:C00354_c,to
cpd:C05345_c,PFKP_PFKL,to
PFKP_PFKL,cpd:C00354_c,to
cpd:C05345_c,PFKP_PFKM,to
PFKP_PFKM,cpd:C00354_c,to
cpd:C05345_c,PFKM,to
PFKM,cpd:C00354_c,to
cpd:C05345_c,PFK_PFKL>964,to
PFK_PFKL>964,cpd:C00354_c,to
cpd:C05345_c,PFKL>965,to
PFKL>965,cpd:C00354_c,to
cpd:C05345_c,PFKL_PFKM,to
PFKL_PFKM,cpd:C00354_c,to
cpd:C05345_c,PFKM_PFKL,to
PFKM_PFKL,cpd:C00354_c,to
cpd:C00092_c,GPI,to
GPI,cpd:C05345_c,to
GPI_reverse,cpd:C00092_c,to
cpd:C05345_c,GPI_reverse,to
cpd:C00197_c,PGK1,to
PGK1,cpd:C00236_c,to
PGK1_reverse,cpd:C00197_c,to
cpd:C00236_c,PGK1_reverse,to
cpd:C00197_c,MIA3,to
MIA3,cpd:C00236_c,to
MIA3_reverse,cpd:C00197_c,to
cpd:C00236_c,MIA3_reverse,to
cpd:C00631_c,BPGM>966,to
BPGM>966,cpd:C00197_c,to
BPGM>966_reverse,cpd:C00631_c,to
cpd:C00197_c,BPGM>966_reverse,to
cpd:C00631_c,PGAM1>967,to
PGAM1>967,cpd:C00197_c,to
PGAM1>967_reverse,cpd:C00631_c,to
cpd:C00197_c,PGAM1>967_reverse,to
cpd:C00631_c,PGAM2>968,to
PGAM2>968,cpd:C00197_c,to
PGAM2>968_reverse,cpd:C00631_c,to
cpd:C00197_c,PGAM2>968_reverse,to
cpd:C00631_c,PGAM2>969,to
PGAM2>969,cpd:C00197_c,to
PGAM2>969_reverse,cpd:C00631_c,to
cpd:C00197_c,PGAM2>969_reverse,to
cpd:C00631_c,BPGM>970,to
BPGM>970,cpd:C00197_c,to
BPGM>970_reverse,cpd:C00631_c,to
cpd:C00197_c,BPGM>970_reverse,to
cpd:C00074_c,PKM,to
PKM,cpd:C00022_c,to
cpd:C00074_c,PKM>971,to
PKM>971,cpd:C00022_c,to
cpd:C00074_c,PKM>973,to
PKM>973,cpd:C00022_c,to
cpd:C00111_c,TPI1,to
TPI1,cpd:C00118_c,to
TPI1_reverse,cpd:C00111_c,to
cpd:C00118_c,TPI1_reverse,to
cpd:C00111_c,TPI1P2,to
TPI1P2,cpd:C00118_c,to
TPI1P2_reverse,cpd:C00111_c,to
cpd:C00118_c,TPI1P2_reverse,to
cpd:C00186_x,LDHB>977,to
LDHB>977,cpd:C00022_x,to
LDHB>977_reverse,cpd:C00186_x,to
cpd:C00022_x,LDHB>977_reverse,to
cpd:C00186_x,LDHA>978,to
LDHA>978,cpd:C00022_x,to
LDHA>978_reverse,cpd:C00186_x,to
cpd:C00022_x,LDHA>978_reverse,to
cpd:C00186_x,LDHC>979,to
LDHC>979,cpd:C00022_x,to
LDHC>979_reverse,cpd:C00186_x,to
cpd:C00022_x,LDHC>979_reverse,to
cpd:C00031_c,HK1>982,to
HK1>982,cpd:C00092_c,to
cpd:C00031_c,HK2>983,to
HK2>983,cpd:C00092_c,to
cpd:C00031_c,HK1>986,to
HK1>986,cpd:C00092_c,to
cpd:C00031_c,HK2>987,to
HK2>987,cpd:C00092_c,to
cpd:C00212_c,ADK,to
cpd:C00212_c,ADK>998,to
cpd:C00019_c,AMD1,to
AMD1,cpd:C01137_c,to
cpd:C01165_m,G5SADrm,to
G5SADrm,cpd:C03912_m,to
cpd:C03912_m,PYCR1,to
PYCR1,cpd:C00148_m,to
cpd:C03912_m,PYCR1>1044,to
PYCR1>1044,cpd:C00148_m,to
cpd:C03912_m,PYCR1>1045,to
PYCR1>1045,cpd:C00148_m,to
cpd:C03912_m,PYCR1>1046,to
PYCR1>1046,cpd:C00148_m,to
cpd:C00148_m,PRODH,to
PRODH,cpd:C03912_m,to
cpd:C00148_m,PRODH>1047,to
PRODH>1047,cpd:C03912_m,to
cpd:C00134_c,AOC2,to
AOC2,cpd:C00555_c,to
cpd:C00134_c,AOC2>1049,to
AOC2>1049,cpd:C00555_c,to
cpd:C03912_c,PYCR2,to
PYCR2,cpd:C00148_c,to
cpd:C03912_c,PYCR3,to
PYCR3,cpd:C00148_c,to
cpd:C03912_c,PYCR1>1050,to
PYCR1>1050,cpd:C00148_c,to
cpd:C00048_x,transporter>284,to
transporter>284,cpd:C00048_c,to
transporter>83,cpd:C00037_x,to
cpd:C00111_c,transporter>332,to
transporter>332,cpd:C00111_x,to
cpd:C00111_x,transporter>332,to
transporter>287,cpd:C00093_x,to
cpd:C00093_x,transporter>287,to
cpd:C00186_x,transporter>114,to
transporter>114,cpd:C00186_x,to
cpd:C00049_c,ASNS,to
ASNS,cpd:C00152_c,to
cpd:C00049_c,ASNS>1054,to
ASNS>1054,cpd:C00152_c,to
cpd:C00049_c,ASNS>1055,to
ASNS>1055,cpd:C00152_c,to
cpd:C00049_c,GOT1>1056,to
GOT1>1056,cpd:C00036_c,to
GOT1>1056_reverse,cpd:C00049_c,to
cpd:C00036_c,GOT1>1056_reverse,to
cpd:C00036_m,GOT2>1057,to
GOT2>1057,cpd:C00049_m,to
cpd:C00062_c,ARG2,to
ARG2,cpd:C00077_c,to
ARG2,cpd:C00086_c,to
cpd:C00062_m,ARG2>1058,to
ARG2>1058,cpd:C00086_m,to
ARG2>1058,cpd:C00077_m,to
cpd:C00791_m,CKMT1B,to
CKMT1B,pcreat_m,to
cpd:C00791_m,CKMT1A,to
CKMT1A,pcreat_m,to
pcreat_c,CKB,to
CKB,cpd:C00791_c,to
transporter>79,cpd:C00791_m,to
cpd:C01165_c,G5SADs,to
G5SADs,cpd:C03912_c,to
cpd:C03287_m,ALDH18A1,to
ALDH18A1,cpd:C01165_m,to
cpd:C00019_c,GAMT,to
gudac_c,GAMT,to
GAMT,cpd:C00021_c,to
GAMT,cpd:C00791_c,to
cpd:C00019_c,GAMT>1059,to
gudac_c,GAMT>1059,to
GAMT>1059,cpd:C00021_c,to
GAMT>1059,cpd:C00791_c,to
ALDH18A1>1060,cpd:C03287_m,to
cpd:C00037_c,GATM,to
cpd:C00062_c,GATM,to
GATM,cpd:C00077_c,to
GATM,gudac_c,to
cpd:C00077_c,ODC1,to
ODC1,cpd:C00134_c,to
cpd:C00077_m,OAT,to
OAT,cpd:C01165_m,to
OAT_reverse,cpd:C00077_m,to
cpd:C01165_m,OAT_reverse,to
pcreat_m,transporter>349,to
transporter>349,pcreat_c,to
cpd:C00213_m,SARDH,to
SARDH,cpd:C00037_m,to
SARDH,cpd:C00143_m,to
cpd:C01137_c,SRM,to
cpd:C00134_c,SRM,to
SRM,cpd:C00170_c,to
SRM,cpd:C00315_c,to
cpd:C01137_c,SMS,to
cpd:C00315_c,SMS,to
SMS,cpd:C00750_c,to
SMS,cpd:C00170_c,to
cpd:C01137_c,SRM>1061,to
cpd:C00315_c,SRM>1061,to
SRM>1061,cpd:C00750_c,to
SRM>1061,cpd:C00170_c,to
cpd:C01165_m,ALDH4A1>1063,to
cpd:C00022_c,r0156,to
r0156,cpd:C00041_c,to
cpd:C00022_m,r0157,to
r0157,cpd:C00041_m,to
cpd:C00555_c,RE0691C,to
RE0691C,cpd:C15668_c,to
cpd:C15853_c,RE1897C,to
RE1897C,cpd:C00315_c,to
13dampp_c,RE1898C,to
cpd:C15668_c,RE1898C,to
RE1898C,cpd:C15853_c,to
cpd:C00092_c,transporter>351,to
transporter>351,cpd:C00092_r,to
transporter>351,cpd:C00092_c,to
cpd:C00092_r,transporter>351,to
transporter>89,cpd:C00031_r,to
cpd:C00191_c,transporter>356,to
transporter>356,cpd:C00191_r,to
guln_r,transporter>358,to
transporter>358,guln_c,to
cpd:C03736_c,transporter>364,to
transporter>364,cpd:C03736_r,to
transporter>364,cpd:C03736_c,to
cpd:C03736_r,transporter>364,to
cpd:C00199_c,transporter>368,to
transporter>368,cpd:C00199_r,to
transporter>368,cpd:C00199_c,to
cpd:C00199_r,transporter>368,to
ETFDH_ETFB_ETFA,q10h2_m,to
ETFB_ETFA,q10h2_m,to
cpd:C00093_m,GLYC3PFADm,to
GLYC3PFADm,cpd:C00111_m,to
CA12,cpd:C00288_c,to
CA13,cpd:C00288_c,to
CA14,cpd:C00288_c,to
CA12>1520,cpd:C00288_c,to
CA2,cpd:C00288_c,to
guln_c,AKR1A1>1521,to
AKR1A1>1521,cpd:C00191_c,to
cpd:C00074_c,PKM>1524,to
PKM>1524,cpd:C00022_c,to
PKM>1524_reverse,cpd:C00074_c,to
cpd:C00022_c,PKM>1524_reverse,to
EX_ala_L_e_reverse,cpd:C00041_e,to
EX_asp_L_e_reverse,cpd:C00049_e,to
EX_cit_e_reverse,cpd:C00158_e,to
EX_gly_e_reverse,cpd:C00037_e,to
EX_pro_L_e_reverse,cpd:C00148_e,to
cpd:C01179_e,EX_34hpp,to
cpd:C01801_c,RBKS,to
RBKS,cpd:C00673_c,to
cpd:C01236_r,H6PD,to
H6PD,cpd:C00092_r,to
cpd:C00092_c,G6PD,to
G6PD,cpd:C01236_c,to
G6PD_reverse,cpd:C00092_c,to
cpd:C01236_c,G6PD_reverse,to
cpd:C00092_r,H6PD>1525,to
H6PD>1525,cpd:C01236_r,to
cpd:C00092_r,G6PD>1526,to
G6PD>1526,cpd:C01236_r,to
cpd:C00345_c,PGD,to
PGD,cpd:C00199_c,to
cpd:C00345_r,PGD>1527,to
PGD>1527,cpd:C00199_r,to
cpd:C00191_r,GULNDer,to
GULNDer,guln_r,to
cpd:C01236_c,PGLS,to
PGLS,cpd:C00345_c,to
cpd:C01236_r,H6PD>1528,to
H6PD>1528,cpd:C00345_r,to
cpd:C03736_c,PRPS1L1,to
PRPS1L1,cpd:C00119_c,to
cpd:C03736_c,PRPS1,to
PRPS1,cpd:C00119_c,to
cpd:C03736_c,PRPS1L1>1529,to
PRPS1L1>1529,cpd:C00119_c,to
cpd:C03736_c,PRPS2,to
PRPS2,cpd:C00119_c,to
cpd:C00199_c,RPE,to
RPE,cpd:C00231_c,to
RPE_reverse,cpd:C00199_c,to
cpd:C00231_c,RPE_reverse,to
cpd:C00199_c,RPE>1530,to
RPE>1530,cpd:C00231_c,to
RPE>1530_reverse,cpd:C00199_c,to
cpd:C00231_c,RPE>1530_reverse,to
cpd:C03736_c,RPIA,to
RPIA,cpd:C00199_c,to
RPIA_reverse,cpd:C03736_c,to
cpd:C00199_c,RPIA_reverse,to
cpd:C00118_c,TALDO1,to
cpd:C05382_c,TALDO1,to
TALDO1,cpd:C05345_c,to
TALDO1,cpd:C00279_c,to
TALDO1_reverse,cpd:C00118_c,to
TALDO1_reverse,cpd:C05382_c,to
cpd:C05345_c,TALDO1_reverse,to
cpd:C00279_c,TALDO1_reverse,to
cpd:C03736_c,TKT,to
cpd:C00231_c,TKT,to
TKT,cpd:C00118_c,to
TKT,cpd:C05382_c,to
TKT_reverse,cpd:C03736_c,to
TKT_reverse,cpd:C00231_c,to
cpd:C00118_c,TKT_reverse,to
cpd:C05382_c,TKT_reverse,to
cpd:C00231_c,TKT>1531,to
cpd:C00279_c,TKT>1531,to
TKT>1531,cpd:C00118_c,to
TKT>1531,cpd:C05345_c,to
TKT>1531_reverse,cpd:C00231_c,to
TKT>1531_reverse,cpd:C00279_c,to
cpd:C00118_c,TKT>1531_reverse,to
cpd:C05345_c,TKT>1531_reverse,to
cpd:C03736_r,RPIA>1534,to
RPIA>1534,cpd:C00199_r,to
RPIA>1534_reverse,cpd:C03736_r,to
cpd:C00199_r,RPIA>1534_reverse,to
cpd:C00673_c,PGM2,to
PGM2,cpd:C00672_c,to
cpd:C00092_c,G6PD>1535,to
G6PD>1535,cpd:C01236_c,to
cpd:C00345_c,PGD>1536,to
PGD>1536,cpd:C00199_c,to
cpd:C01236_c,PGLS>1537,to
PGLS>1537,cpd:C00345_c,to
cpd:C00199_c,RPE>1538,to
RPE>1538,cpd:C00231_c,to
RPE>1538_reverse,cpd:C00199_c,to
cpd:C00231_c,RPE>1538_reverse,to
cpd:C00199_c,RPE>1539,to
RPE>1539,cpd:C00231_c,to
RPE>1539_reverse,cpd:C00199_c,to
cpd:C00231_c,RPE>1539_reverse,to
cpd:C00234_c,ALDH1L2,to
cpd:C00445_c,MTHFD1,to
MTHFD1,cpd:C00234_c,to
cpd:C00445_c,MTHFD2P1,to
MTHFD2P1,cpd:C00234_c,to
cpd:C00445_c,MTHFD2L,to
MTHFD2L,cpd:C00234_c,to
cpd:C00143_c,MTHFD2P1>1542,to
MTHFD2P1>1542,cpd:C00445_c,to
MTHFD2P1>1542_reverse,cpd:C00143_c,to
cpd:C00445_c,MTHFD2P1>1542_reverse,to
cpd:C00143_c,MTHFD2L>1543,to
MTHFD2L>1543,cpd:C00445_c,to
MTHFD2L>1543_reverse,cpd:C00143_c,to
cpd:C00445_c,MTHFD2L>1543_reverse,to
cpd:C00143_c,MTHFD2,to
MTHFD2,cpd:C00445_c,to
MTHFD2_reverse,cpd:C00143_c,to
cpd:C00445_c,MTHFD2_reverse,to
cpd:C00440_c,MTHFR,to
MTHFR,cpd:C00143_c,to
MTHFR_reverse,cpd:C00440_c,to
cpd:C00143_c,MTHFR_reverse,to
cpd:C00143_c,MTHFR>1544,to
MTHFR>1544,cpd:C00440_c,to
cpd:C00352_c,GNPDA2,to
GNPDA2,cpd:C05345_c,to
cpd:C00352_c,GNPDA1,to
GNPDA1,cpd:C05345_c,to
cpd:C05345_c,GFPT1,to
GFPT1,cpd:C00352_c,to
cpd:C05345_c,GFPT2,to
GFPT2,cpd:C00352_c,to
cpd:C00097_c,GCLC_GCLM,to
GCLC_GCLM,cpd:C00669_c,to
cpd:C00037_c,GSS,to
cpd:C00669_c,GSS,to
cpd:C00119_c,PPAT,to
PPAT,cpd:C03090_c,to
cpd:C00212_c,ADNK3,to
cpd:C00212_c,ADNK4,to
hmgcoa_m,HMGCL,to
HMGCL,cpd:C00024_m,to
HMGCL,cpd:C00164_m,to
transporter>140,cpd:C00022_x,to
cpd:C00022_x,transporter>140,to
cpd:C00065_c,SDS>1563,to
SDS>1563,cpd:C00022_c,to
cpd:C05345_c,PFKL>1564,to
PFKL>1564,cpd:C00354_c,to
cpd:C00158_m,ACO2>1565,to
ACO2>1565_reverse,cpd:C00158_m,to
cpd:C00158_m,ACO1>1566,to
ACO1>1566_reverse,cpd:C00158_m,to
cpd:C00311_m,ACO2>1567,to
ACO2>1567_reverse,cpd:C00311_m,to
cpd:C00311_m,ACO1>1568,to
ACO1>1568_reverse,cpd:C00311_m,to
cpd:C00158_m,r1109,to
r1109,cpd:C00033_m,to
r1109,cpd:C00036_m,to
r1109_reverse,cpd:C00158_m,to
cpd:C00033_m,r1109_reverse,to
cpd:C00036_m,r1109_reverse,to
q10h2_m,PRODH>1569,to
cpd:C00148_m,PRODH>1569,to
PRODH>1569,cpd:C03912_m,to
PRODH>1569_reverse,q10h2_m,to
PRODH>1569_reverse,cpd:C00148_m,to
cpd:C03912_m,PRODH>1569_reverse,to
cpd:C00036_c,OAADC,to
OAADC,cpd:C00022_c,to
cpd:C00327_c,ASS1,to
cpd:C00049_c,ASS1,to
ASS1_reverse,cpd:C00327_c,to
ASS1_reverse,cpd:C00049_c,to
ASS1,cpd:C03406_c,to
cpd:C03406_c,ASS1_reverse,to
cpd:C03406_c,ASL,to
ASL_reverse,cpd:C03406_c,to
ASL,cpd:C00122_c,to
ASL,cpd:C00062_c,to
cpd:C00122_c,ASL_reverse,to
cpd:C00062_c,ASL_reverse,to
cpd:C00049_c,ADSS,to
ADSS,cpd:C03794_c,to
cpd:C03794_c,ADSL,to
ADSL,cpd:C00122_c,to
cpd:C04751_c,PAICS,to
cpd:C00049_c,PAICS,to
PAICS,cpd:C04823_c,to
cpd:C04823_c,ADSL>2,to
ADSL>2,cpd:C04677_c,to
ADSL>2,cpd:C00122_c,to
ADSS_reverse,cpd:C00049_c,to
cpd:C03794_c,ADSS_reverse,to
ADSL_reverse,cpd:C03794_c,to
cpd:C00122_c,ADSL_reverse,to
PAICS_reverse,cpd:C04751_c,to
PAICS_reverse,cpd:C00049_c,to
cpd:C04823_c,PAICS_reverse,to
ADSL>2_reverse,cpd:C04823_c,to
cpd:C04677_c,ADSL>2_reverse,to
cpd:C00122_c,ADSL>2_reverse,to
cpd:C00487_m,CRAT.c5,to
cpd:C02939_m,CRAT.c5,to
CRAT.c5,cpd:C20826_m,to
cpd:C00487_m,CRAT.c4,to
cpd:C00630_m,CRAT.c4,to
CRAT.c4,cpd:C02862_m,to
cpd:C00487_m,CRAT.c5b,to
cpd:C01033_m,CRAT.c5b,to
CRAT.c5b,cpd:2-Methylbutyroylcarnitine_m,to
cpd:C00100_m,CRAT.c3,to
cpd:C00487_m,CRAT.c3,to
CRAT.c3,cpd:C03017_m,to
cpd:C00487_m,CRAT,to
cpd:C00024_m,CRAT,to
CRAT,cpd:C02571_m,to
cpd:C00349_m,ALDH6A,to
ALDH6A,cpd:C00100_m,to
cpd:C00100_m,ALDH6A_reverse,to
ALDH6A_reverse,cpd:C00349_m,to
cpd:C01213_m,CRAT.c3b,to
CRAT.c3b,cpd:methylmalonylcarnitine-C3_m,to
cpd:C00091_m,CRAT.c4b,to
CRAT.c4b,cpd:succinylcarnitine-C4_m,to
cpd:C03793_c,TMLD,to
TMLD,cpd:C01259_c,to
TMLD,cpd:C00042_c,to
cpd:C01259_c,HTMLA,to
HTMLA,cpd:C01149_c,to
HTMLA,cpd:C00037_c,to
cpd:C01149_c,TMABADH,to
TMABADH,cpd:C01181_c,to
cpd:C01181_c,BBD,to
BBD,cpd:C00487_c,to
BBD,cpd:C00042_c,to
BCAT1.iso_reverse,cpd:C00407_c,to
cpd:C00671_c,BCAT1.iso_reverse,to
BCAT1.leu_reverse,cpd:C00123_c,to
cpd:C00233_c,BCAT1.leu_reverse,to
BCAT1.val_reverse,cpd:C00183_c,to
cpd:C00141_c,BCAT1.val_reverse,to
cpd:C00233_m,BCKDH.mkic,to
BCKDH.mkic,cpd:C02939_m,to
cpd:C00141_m,BCKDH.mkiv,to
BCKDH.mkiv,cpd:C00630_m,to
cpd:C00671_m,BCKDH.mkmv,to
BCKDH.mkmv,cpd:C01033_m,to
cpd:C00025_c,PSAT1_gluakg,to
PSAT1_gluakg,cpd:C00026_c,to
cpd:C00025_c,PSAT1>8_gluakg,to
PSAT1>8_gluakg,cpd:C00026_c,to
cpd:C00026_m,transporter>2,to
transporter>2,cpd:C00026_c,to
transporter>2,cpd:C00026_m,to
cpd:C00026_c,transporter>2,to
cpd:C00026_e,transporter>2,to
transporter>2,cpd:C00026_e,to
cpd:C00025_c,AADAT_gluakg,to
AADAT_gluakg,cpd:C00026_c,to
cpd:C00025_c,AADAT>13_gluakg,to
AADAT>13_gluakg,cpd:C00026_c,to
AASS>14,cpd:C00025_m,to
cpd:C00026_m,AADAT>15_gluakg,to
AADAT>15_gluakg,cpd:C00025_m,to
cpd:C00026_m,ABAT_gluakg,to
ABAT_gluakg,cpd:C00025_m,to
ABAT_reverse_gluakg,cpd:C00026_m,to
cpd:C00025_m,ABAT_reverse_gluakg,to
cpd:C00064_c,transporter>49,to
transporter>49,cpd:C00064_e,to
transporter>49,cpd:C00064_c,to
cpd:C00064_e,transporter>49,to
transporter>49,cpd:C00064_m,to
cpd:C00025_e,transporter>192,to
transporter>192,cpd:C00025_c,to
transporter>192,cpd:C00025_e,to
cpd:C00025_c,transporter>192,to
transporter>192,cpd:C00025_m,to
cpd:C00025_m,transporter>192,to
cpd:C00026_c,AADAT>758_gluakg,to
AADAT>758_gluakg,cpd:C00025_c,to
cpd:C00026_c,AL441992.2_gluakg,to
AL441992.2_gluakg,cpd:C00025_c,to
cpd:C00026_c,AADAT>759_gluakg,to
AADAT>759_gluakg,cpd:C00025_c,to
cpd:C00026_c,AADAT>762_gluakg,to
AADAT>762_gluakg,cpd:C00025_c,to
cpd:C00026_c,AL441992.2>763_gluakg,to
AL441992.2>763_gluakg,cpd:C00025_c,to
cpd:C00026_c,AADAT>764_gluakg,to
AADAT>764_gluakg,cpd:C00025_c,to
cpd:C00025_c,AL441992.2>766_gluakg,to
AL441992.2>766_gluakg,cpd:C00026_c,to
cpd:C00026_c,AL441992.2>767_gluakg,to
AL441992.2>767_gluakg,cpd:C00025_c,to
AL441992.2>767_reverse_gluakg,cpd:C00026_c,to
cpd:C00025_c,AL441992.2>767_reverse_gluakg,to
cpd:C00026_c,GOT1_gluakg,to
GOT1_gluakg,cpd:C00025_c,to
cpd:C00025_m,ABAT>771_gluakg,to
ABAT>771_gluakg,cpd:C00026_m,to
cpd:C00025_m,ABAT>772_gluakg,to
ABAT>772_gluakg,cpd:C00026_m,to
cpd:C00026_c,BCAT1_gluakg,to
BCAT1_gluakg,cpd:C00025_c,to
cpd:C00026_m,BCAT2_gluakg,to
BCAT2_gluakg,cpd:C00025_m,to
BCAT2_reverse_gluakg,cpd:C00026_m,to
cpd:C00025_m,BCAT2_reverse_gluakg,to
cpd:C00026_c,BCAT1>780_gluakg,to
BCAT1>780_gluakg,cpd:C00025_c,to
cpd:C00026_m,BCAT2>781_gluakg,to
BCAT2>781_gluakg,cpd:C00025_m,to
BCAT2>781_reverse_gluakg,cpd:C00026_m,to
cpd:C00025_m,BCAT2>781_reverse_gluakg,to
cpd:C00026_c,BCAT1>787_gluakg,to
BCAT1>787_gluakg,cpd:C00025_c,to
cpd:C00026_m,BCAT2>788_gluakg,to
BCAT2>788_gluakg,cpd:C00025_m,to
BCAT2>788_reverse_gluakg,cpd:C00026_m,to
cpd:C00025_m,BCAT2>788_reverse_gluakg,to
cpd:C00026_c,GOT1>885_gluakg,to
GOT1>885_gluakg,cpd:C00025_c,to
cpd:C00026_m,GOT2_gluakg,to
GOT2_gluakg,cpd:C00025_m,to
cpd:C00026_m,ABAT>890_gluakg,to
ABAT>890_gluakg,cpd:C00025_m,to
ABAT>890_reverse_gluakg,cpd:C00026_m,to
cpd:C00025_m,ABAT>890_reverse_gluakg,to
cpd:C00026_m,ABAT>891_gluakg,to
ABAT>891_gluakg,cpd:C00025_m,to
ABAT>891_reverse_gluakg,cpd:C00026_m,to
cpd:C00025_m,ABAT>891_reverse_gluakg,to
cpd:C00026_c,GPT2_gluakg,to
GPT2_gluakg,cpd:C00025_c,to
GPT2_reverse_gluakg,cpd:C00026_c,to
cpd:C00025_c,GPT2_reverse_gluakg,to
cpd:C00025_c,GLUL_glugln,to
GLUL_glugln,cpd:C00064_c,to
cpd:C00025_m,GLUD2_gluakg,to
GLUD2_gluakg,cpd:C00026_m,to
GLUD2_reverse_gluakg,cpd:C00025_m,to
cpd:C00026_m,GLUD2_reverse_gluakg,to
cpd:C00025_m,GLUD1_gluakg,to
GLUD1_gluakg,cpd:C00026_m,to
GLUD1_reverse_gluakg,cpd:C00025_m,to
cpd:C00026_m,GLUD1_reverse_gluakg,to
cpd:C00025_m,GLUD2>894_gluakg,to
GLUD2>894_gluakg,cpd:C00026_m,to
GLUD2>894_reverse_gluakg,cpd:C00025_m,to
cpd:C00026_m,GLUD2>894_reverse_gluakg,to
cpd:C00025_m,GLUD1>895_gluakg,to
GLUD1>895_gluakg,cpd:C00026_m,to
GLUD1>895_reverse_gluakg,cpd:C00025_m,to
cpd:C00026_m,GLUD1>895_reverse_gluakg,to
cpd:C00064_m,GLS_glugln,to
GLS_glugln,cpd:C00025_m,to
cpd:C00064_m,GLS2_glugln,to
GLS2_glugln,cpd:C00025_m,to
cpd:C00064_m,GLS2>896_glugln,to
GLS2>896_glugln,cpd:C00025_m,to
ALDH4A1,cpd:C00025_m,to
ALDH4A1>898,cpd:C00025_m,to
IDH3G_IDH3B_IDH3A,cpd:C00026_m,to
IDH3B_IDH3G_IDH3A,cpd:C00026_m,to
IDH3B_IDH3_IDH3A>913,cpd:C00026_m,to
IDH3B_IDH3_IDH3A>914,cpd:C00026_m,to
IDH3G_IDH3A_IDH3B,cpd:C00026_m,to
IDH3G_IDH3_IDH3B>915,cpd:C00026_m,to
IDH1,cpd:C00026_c,to
IDH2,cpd:C00026_m,to
cpd:C00026_m,GPT2>917_gluakg,to
GPT2>917_gluakg,cpd:C00025_m,to
GPT2>917_reverse_gluakg,cpd:C00026_m,to
cpd:C00025_m,GPT2>917_reverse_gluakg,to
cpd:C00064_c,GMPS_glugln,to
GMPS_glugln,cpd:C00025_c,to
cpd:C00064_c,ASNS_glugln,to
ASNS_glugln,cpd:C00025_c,to
cpd:C00064_c,ASNS>1054_glugln,to
ASNS>1054_glugln,cpd:C00025_c,to
cpd:C00064_c,ASNS>1055_glugln,to
ASNS>1055_glugln,cpd:C00025_c,to
cpd:C00026_c,GOT1>1056_gluakg,to
GOT1>1056_gluakg,cpd:C00025_c,to
GOT1>1056_reverse_gluakg,cpd:C00026_c,to
cpd:C00025_c,GOT1>1056_reverse_gluakg,to
cpd:C00025_m,GOT2>1057_gluakg,to
GOT2>1057_gluakg,cpd:C00026_m,to
cpd:C00026_m,OAT_gluakg,to
OAT_gluakg,cpd:C00025_m,to
OAT_reverse_gluakg,cpd:C00026_m,to
cpd:C00025_m,OAT_reverse_gluakg,to
ALDH4A1>1063,cpd:C00025_m,to
NIT2,cpd:C00026_c,to
NIT2>1064,cpd:C00026_m,to
cpd:C00064_c,CAD_glugln,to
CAD_glugln,cpd:C00025_c,to
cpd:C00064_c,CTPS1>1522_glugln,to
CTPS1>1522_glugln,cpd:C00025_c,to
cpd:C00064_c,CTPS2>1523_glugln,to
CTPS2>1523_glugln,cpd:C00025_c,to
cpd:C00064_c,GFPT1_glugln,to
GFPT1_glugln,cpd:C00025_c,to
cpd:C00064_c,GFPT2_glugln,to
GFPT2_glugln,cpd:C00025_c,to
cpd:C00064_c,PPAT_glugln,to
PPAT_glugln,cpd:C00025_c,to
cpd:C00064_c,PFAS_glugln,to
PFAS_glugln,cpd:C00025_c,to
BCAT1.iso_reverse_gluakg,cpd:C00026_c,to
cpd:C00025_c,BCAT1.iso_reverse_gluakg,to
BCAT1.leu_reverse_gluakg,cpd:C00026_c,to
cpd:C00025_c,BCAT1.leu_reverse_gluakg,to
BCAT1.val_reverse_gluakg,cpd:C00026_c,to
cpd:C00025_c,BCAT1.val_reverse_gluakg,to
cpd:C00026_m,AASS,to
cpd:C00025_c,GAD1,to
cpd:C00025_c,GAD1>893,to
cpd:C00026_m,OGDH_DLD_PDH_DLST>908,to
cpd:C00026_m,OGDH_DLD_PDH_DLST>909,to
cpd:C00026_m,IDH2_reverse,to
cpd:C00025_m,ALDH18A1>1060,to
cpd:C00064_c,r0156,to
cpd:C00064_m,r0157,to
cpd:C00025_c,GCLC_GCLM,to
cpd:C00026_c,TMLD,to
cpd:C00026_c,BBD,to
